nhannan,Cautious978Try0Lunch,Instagram,5.856667862802889e+20
nhannan,By13LazyImportant,UCAS,8.022832688771082e+18
nhannan,SouthWeed602Sentence,Google,1505504351430114.8
ekelt,ComeCompose7Whisper,Apple,1.0990181765439838e+17
ekelt,Head4ReasonHome,Microsoft,282511606573.49
ekelt,FondTrust839Hate,SQA,20623347279864.59
ekelt,Limit63Hut7Rapid502,UCAS,8.022832688771082e+18
cshort,LongBlockCeremony032,SQA,5.856667862802889e+20
cshort,Gap811Eye038Empty681,Outlook,5.856667862802889e+20
ucrewe,Busy3Deep443Hard82,SQA,1.0990181765439838e+17
ucrewe,GateDamp024Deep1,UCAS,20623347279864.59
ucrewe,Niece2Town72Wood,Art,20623347279864.59
ucrewe,Yes64Time157Break4,Moodle,1.0990181765439838e+17
rnaka,Roar920CowDivision,SQA,1.0990181765439838e+17
rnaka,Apart7Dark95Thief,UCAS,1505504351430114.8
rnaka,Fun2Please00Bell636,Instagram,8.022832688771082e+18
rnaka,WestPolite415Grow9,Pinterest,1.0990181765439838e+17
htaylor,BeDry047Thread64,TennisViewer,20623347279864.59
htaylor,Pool8This52Machine1,SQA,8.022832688771082e+18
htaylor,SmoothBrightMotor,UCAS,1505504351430114.8
htaylor,CakeOccasion1Rare070,BBC iPlayer,5.856667862802889e+20
sgondolaka,Arch662Big8Gaiety821,NASA,5.856667862802889e+20
sgondolaka,Remember6End825Song5,SQA,5.856667862802889e+20
sgondolaka,Rubber13Under117Sow,StarWatcher,8.022832688771082e+18
sgondolaka,Scale65Brown42And754,UCAS,5.856667862802889e+20
acrawford,By95ExcessiveBasic85,MusicPlayer,5.856667862802889e+20
acrawford,Actual19CryStripe65,Spotify,8.022832688771082e+18
acrawford,BreakfastGraceNorth,SQA,8.022832688771082e+18
cjenner,ActiveSign381Bow479,Snapchat,8.022832688771082e+18
cjenner,CrossPermit24Fast,VetNet,1505504351430114.8
cjenner,GallonStory63Behave2,UCAS,5.856667862802889e+20
shume,SureQuality6Anyhow97,National Book Tokens,5.856667862802889e+20
shume,Drown3And079Wealth18,Edinburgh Libraries,5.856667862802889e+20
shume,Pet8Sorrow4Wax53,Goodreads,20623347279864.59
